Group Name,WhatsApp Link
SAIM X áªÊ™ğšã…¤Éƒá´€Îºá´€á’ Official Store 1,https://chat.whatsapp.com/I262pAAZzSNFKg85pbxKE7
Business minded ğŸ‡¨ğŸ‡³,https://chat.whatsapp.com/Bb8R2qTMpTbAD8uUn9mVm7
SPACIOUS LODGES IN UNIZIK âœ…ğŸ’¯,https://chat.whatsapp.com/Js8SbUiYP7r48Ti7UI8aZ9
MCCQE1 study group,https://chat.whatsapp.com/FjAk6uisK974QnoaTT4082
Devops on AWS Workshops,https://chat.whatsapp.com/Ey1jokIR8eiH7DZjFcPv4v
"Ruiru,Kimbo,Toll,K-road,Juja,Juja Mastores,Murera,Rurii,matangi,Gwakairu,Mugutha, Rainbow, Bypass",https://chat.whatsapp.com/Inu98Z2QoxK2KHFXaBnS7D
ğŸ–ï¸BEST BETTING TIPSğŸ–ï¸,https://chat.whatsapp.com/HkNaRRovMy76e1oyN0RYyl
M & J Collection   ğŸ‘–ğŸ‘•ğŸ‘–ğŸ‘šğŸ‘œğŸ‘ğŸ§¢ğŸ‘ ,https://chat.whatsapp.com/K4QdDXzBZ4V0fVogaoiAWn
ğ„ğƒğ–ğ€ğ‘ğƒ ğğ„ğ“ğ“ğˆğğ† ğ†ğ‘ğğ”ğ,https://chat.whatsapp.com/FdbNUTFZnP35K1G2MCRc06
Drawbet49s uk49 betway and Hollywood platform,https://chat.whatsapp.com/HCW4XfvS0pOGcVN5hdoQTL
Free FUNG Test Series,https://chat.whatsapp.com/Cz3Rnuq3yViIdNfnDx6mui
China orders with Nyari,https://chat.whatsapp.com/B5S8vCJB5pZEQVfBkOnkMT
EL BASHIR VIP POLLS ğŸ†ğŸ…,https://chat.whatsapp.com/G0rCQZkRvvj2NkNbaAcREN
"Fashion Hub Jewellery, Bags and Watches",https://chat.whatsapp.com/LgNO6oK04nh4YHwhXN8UiC
Thabi's boutique ğŸ‘—ğŸ‘ ğŸ‘–ğŸ‘—,https://chat.whatsapp.com/IWftf5N3an3HC567PqvCy5
CITY ODDS FIXED,https://chat.whatsapp.com/IzGxT4LAAAU4RMPDzCb30S
single men and women searching for love in Zambia 25yrs and above ğŸ’•,https://chat.whatsapp.com/CixsvFDFzkn0LBRBcRsi6u
Ria Hub Saree Jaipur Surat,https://chat.whatsapp.com/GHPo6vKpsQhCPwbArBz6Yw
Snow ITSM HRSD CSM Online 110 Batch,https://chat.whatsapp.com/BkrbvNmVWm3Cq3lTZ86UcR
ALI SALMAN VIP GROUP,https://chat.whatsapp.com/GSwVGsFhPyK2JVc4ckEAx6
Apnabazar Gothenburg- G2,https://chat.whatsapp.com/JmDSfavQiNGLfDuJccqPLn
KğŸ…°ï¸TUKOFA TRADING CC COMPANY,https://chat.whatsapp.com/7gkggRSkyTZGvOMM6Ll1GM
All Market & Export-Import World,https://chat.whatsapp.com/Fu3tpVF6GVQ66CVbSBSVtG
DAKING SIDE PLATFOR CONNECTION ğŸ’ğŸ’¯ğŸ’¯,https://chat.whatsapp.com/LilI3sLLaXZ2DBwZlz4INu
Bringing china ğŸ‡¨ğŸ‡³ home Kenya ğŸ‡°ğŸ‡ª,https://chat.whatsapp.com/HMeT6v32ckNCjjYGqbtUaL
5 EAGLE CONSULTING ğŸ¦…,https://chat.whatsapp.com/BdFb0Rr23b2LkXsTTNYqyw
Coliseum bet 2025,https://chat.whatsapp.com/EqTOd10NiZDAmcCtfsHHkg
Junaid & Ali Branded Boutique Outfit,https://chat.whatsapp.com/BXVqCXEqX7YA2sMbmYB1j8
VIP BETWAY ğŸ’¯ CORRECT SCORES,https://chat.whatsapp.com/CDVogLME9VLH4xerKLUHtv
"operator excavetor,dumper and bekchoe Malaysia",https://chat.whatsapp.com/LQdMXaevklP8V8jO3WM7ha
MR THUG VVIP PREDICTION HUBâš½ğŸ†ğŸ’°,https://chat.whatsapp.com/DAuaToxnvNhFhu2jFvtB0C
"SAFE HANDS IMPORTS â€¦. CHINA ğŸ‡¨ğŸ‡³,TURKEY ğŸ‡¹ğŸ‡·AND  ğŸ‡§ğŸ‡© ğŸ‘ ğŸ‘œğŸ‘—",https://chat.whatsapp.com/Cnjm76SqwFZ8VbBg1J4bhy
Online ClothingğŸ›ğŸš›,https://chat.whatsapp.com/IZamOjHjliH7v9XAQNM3lI
Shein with NxaliğŸ¦‹,https://chat.whatsapp.com/GEy0Vuhg0Xh9s2rT7YWJEQ
MYM KOGI screening room,https://chat.whatsapp.com/La0aM1kYBpcETIiu0ft9Lo
Malaysia - LP Jakarta 2025,https://chat.whatsapp.com/GoLUBKCUAgN2oNMANKLsXp
CHINA IMPORT GROUP,https://chat.whatsapp.com/BpmClp8HjM6AfD22ox8DVD
Manaaki Reserved Candidates 2024,https://chat.whatsapp.com/Lwd7Ikroy1AGV4KdiQL2n5
UNIFLO MINI IMPORTATIONğŸ‘—ğŸ›âœˆğŸ›³ğŸ‡¨ğŸ‡³,https://chat.whatsapp.com/KKhWQydmuCb2FpRIuS0ocv
NMâ€™S CHINA TEAM UP GROUP,https://chat.whatsapp.com/BbJ860I9yKFHYGMWAJrWXw
Project Nigerian Youth(Develop Nigeria),https://chat.whatsapp.com/DFigiTTX261F6Pnxe1lcND
Odense - New Students 2025,https://chat.whatsapp.com/Ds82fftEgEoIYvIghdcCHf
FOREX TRADING MASTER,https://chat.whatsapp.com/LN8iISbRNEB3kHXawsbRIF
3-China~ZimğŸ‡¨ğŸ‡³ğŸ‡¿ğŸ‡¼Importation for Business,https://chat.whatsapp.com/Dud6no8dxpBKKyTestROM0
Smart Squats Fitness Group,https://chat.whatsapp.com/Fnl1WaGoxAB8xCtXLs5Hpx
*ELITE TRADING SINGINALâ„¢ï¸*,https://chat.whatsapp.com/GTovJnWo5JiJQ6qbfqIQrO
AI + Dev master program batch (6),https://chat.whatsapp.com/L1woC67wrrJHyfmyNHTglF
DAILY WINNING CODES ğŸ’¯ğŸ’¯ğŸ’¯ğŸ’ª,https://chat.whatsapp.com/JYFluVAzcH3EA202VQM2MT
Nigerian mobile phone battery,https://chat.whatsapp.com/JjEnGXf41TMEidyf6EUYax
ğŸ¥‰âš½ï¸ğğ„ğ“ğ’ ğğ”ğğ“ğ„ğ‘ ğğğ‹ğ˜ ğ…ğğ‘ ğ–ğˆğğğ„ğ‘ğ’ ğŸŠğŸ—ï¸ğŸ†,https://chat.whatsapp.com/CK4z35s6WuOFaFt1i8lmZh
ErodeBusinessTalk.,https://chat.whatsapp.com/FWHfgE8vTnH9rchb97Yzzc
THE CORRECT SCORE TIPSTAR ğŸ‰ğŸŠğŸ†,https://chat.whatsapp.com/GknnYrDzIDB1w8sNTiqKF1
BUY AND SELL IN GHANA ğŸ‡¬ğŸ‡­,https://chat.whatsapp.com/BZA7XooWXxNIoldHavkKHM
Rekha coutureğŸ¥°,https://chat.whatsapp.com/Jj1fLAyK4l2FVXC166QnO7
SECURITY WORK ROI,https://chat.whatsapp.com/K40yuHSs4iR0DYC5bZ1IKD
[â€”UNITED ğŸ«‚ FAMILYâ€”],https://chat.whatsapp.com/LWKQKduvriq9DEmuGL2wzj
ğŸ’«GOLD MARKET KILLERâ™¥ï¸,https://chat.whatsapp.com/BtopSKZ16Cb1eflWQgahKp
Uktkala Ikath Handlooms,https://chat.whatsapp.com/DH47JTQiWpcFc50cYbT0le
Gadwal Kalyani Cotton Sarees,https://chat.whatsapp.com/Cly1eUQiwQJGb5hULaQxet
ğŸ‡¿ğŸ‡¼JOB VACANCIESğŸ—’ï¸  19,https://chat.whatsapp.com/BeVzjPCnrKuLirWfP5QjXn
VR Career Beginners,https://chat.whatsapp.com/Bh35ugYrR4s2mG3eQYDlhX
Student Centre-Freshers and continuing  students,https://chat.whatsapp.com/CBRlXgltYxN7YQoZJ22ROH
CELPIP TOFLE OET IELTS NCLEX PTE AMC DILIGENO EXAMS MATERIALS ARVLBL,https://chat.whatsapp.com/KzxZcjF9ATn50uhww0QROT
VIP odds,https://chat.whatsapp.com/BT8fJIT7P4B5hBAiIhjaVS
ğ“ğ¡ğ¨ğ¦ğšğ¬ ğ¯ğ¢ğ© ğ ğ«ğ¨ğ®ğ© ğŸ…,https://chat.whatsapp.com/Ln7pnG7gWmWHg58X3hEgeG
BITSQUAD UPDATES ğŸ’°,https://chat.whatsapp.com/Ejjco0hRML9Jt5xoLb9T3G
Radhe Collections Sweden,https://chat.whatsapp.com/FRoRNuKhwy8JBKeGSnLAq7
âœ… PREMIER WINNING ZONE âš½ï¸ğŸ†,https://chat.whatsapp.com/FjoRl9liUd09W2xUDoKiUo
GENARATIVE AI Self Placed Course,https://chat.whatsapp.com/K0tpSeXeiMMFOLJzWesciU
Dazzlings CollectionğŸ§¿ğŸª¬,https://chat.whatsapp.com/JWvFwvHtkxBIGkM3ylJyMa
Pokemon Pocket Malaysia,https://chat.whatsapp.com/KrdLPNKlKiB9Va5WN7jvlz
Homedecor / Wedding Giveaway Items,https://chat.whatsapp.com/JzLXPvrmOu22iM7KYzb631
"USA , INDONESIA,CANADA ,UK MADAGASCAR, EGYPT,E.T.C...Outlier scale AI ,Telus  & (ALL remote AI jobs)",https://chat.whatsapp.com/JYCaHdvoL9LCyeqN9DOixp
DURBAN RUNNER  SERVICE ğŸ§£ğŸ§¤ğŸ‘—,https://chat.whatsapp.com/FpNVINkAq624AL3MPNIruc
CHINA BOTSWANA SOURCING GROUPâ‘ ,https://chat.whatsapp.com/J7UF71y82LwIj7lY3asjYb
Torrens University Students 2025,https://chat.whatsapp.com/FPw7Q5kM56bAOkQ8dupeeV
JULIUS GROUPğŸ‰,https://chat.whatsapp.com/G2ICBqa9LCd4sR0EFEmDwq
"Disney Wonder, Aus, NZ",https://chat.whatsapp.com/L2A4CW14tqD3pAeJCQSyEE
MIMI'S  IMPORTSğŸ‡¹ğŸ‡·ğŸ‡¹ğŸ‡·ğŸ‡¹ğŸ‡·,https://chat.whatsapp.com/FjVBAveOZV49kvvfa7hg9A
Echan mall-35ğŸ”—,https://chat.whatsapp.com/LChrLlBDCYq6Pzvz5n6eHT
(Fatma) Zj Collection,https://chat.whatsapp.com/JMFaKoavh6KLNWbLJLv3oY
Nitaâ€™s Rossy Collections 001,https://chat.whatsapp.com/K03ha62Td4n2Eyl8oUxis1
Ntombo China Reseller group ğŸ‡¨ğŸ‡³,https://chat.whatsapp.com/DFva8rNAA74HwIMKrO3Sg3
UMMU SALMA COLLECTIONğŸ‘—ğŸ‘ ğŸ‘œ,https://chat.whatsapp.com/IRsbyHrcUUq2lhy882uizZ
WORK FROM HOME ğŸ¡,https://chat.whatsapp.com/Iq3p4aVHkv92jNgMIun2Yc
KEMBOI IN QATAR,https://chat.whatsapp.com/DwkIrQeM6pvE6me0g1dALI
VisMen IT Solutions trainning& job placement group,https://chat.whatsapp.com/FU027xiIFmpJhGHISwJsIH
Pyspark Videos with Codes and Materials,https://chat.whatsapp.com/CchQumxKqVSEeGNReQVHzH
Cars/Auto for sale Ireland,https://chat.whatsapp.com/J5fGfYIJglMIufEEOUiLCS
Indian Big Bazzar ( FrÃ¶lunda ),https://chat.whatsapp.com/LBk63X6MV0V08mIOGSzaTl
BETWAY TIPS AND CODES,https://chat.whatsapp.com/CA9OJUo7q1O7IQcn1STQQu
Lakshmi Sarees,https://chat.whatsapp.com/C2XgIvWAHeCFrQRk1xgqgM
Backdoor placement......,https://chat.whatsapp.com/CsqaHJFVA0N4zer88MF4ED
CITY ODDS,https://chat.whatsapp.com/IUaoy9j9vhlJb4CwFCQK65
Darwaish Online Shoppin ğŸ•‹,https://chat.whatsapp.com/DT7I3EC4N7Y8VpDAK2QRLZ
FIXED LORD 4ğŸ’°,https://chat.whatsapp.com/J0WtJauoICB9W3s0digbZJ
Fascinating Women UAE,https://chat.whatsapp.com/IKslXIgEMfVJhIkaOxKMDj
A RE IPATELENG TSALA TSA NNETEâ¤ï¸ğŸ¤Œ,https://chat.whatsapp.com/HLuXcwBYOizI1UT8NE3nzY
SQL Training M1,https://chat.whatsapp.com/JQH0x7XXzAj7KXB7L8J3QD
FOREX SIGNALSğŸš¦ GROUPğŸ’¸ğŸ’¸,https://chat.whatsapp.com/KULLb11nnco2n7odadrUZ5
Phumelele Reliable RunnerğŸ›ï¸ğŸ‘•ğŸ‘œ,https://chat.whatsapp.com/DiXgUOaX36dDr4FtCsnA6I
Stitching  Women Tailor Shop And,https://chat.whatsapp.com/EEDzjmudv9V16TW0mMr5J7
ğŸ¥³WORLD KYC ZONE ğŸŒ ğŸ¥³( 4T3),https://chat.whatsapp.com/JoldQ5nv93W2iuvvHjEjzw
AR ğŸ’ğŸ¥»SAREE COLLECTION ğŸ¥°,https://chat.whatsapp.com/E1SYMXrKogb2xAXpnprc4w
Fancy Collection,https://chat.whatsapp.com/IT7Ofl7nawC4OVxd8jA7kx
WORLDWIDE VENDORS ğŸ’¯ğŸ’¯ ğŸ’±ğŸ’±ğŸ’±,https://chat.whatsapp.com/EWNqV8HTbDqICey3bK2hNb
ğŸ‘ŒØµØ­Ø§Ø¨ÙŠ ğŸ¤,https://chat.whatsapp.com/CpIpjbxTaqNAdi5c1Bhe7f
UpSkill Hub - Empowering IT Professionals with Comprehensive Training & Consultancy Services! ğŸš€,https://chat.whatsapp.com/EZ01RlpnX535vFDSGk6xoM
zainab_hijab_official,https://chat.whatsapp.com/ENNLSXBTv8v5yV7i7a6yF6
Playwright JavaScript 8:00 pm ist to 9:00 pm ist,https://chat.whatsapp.com/FCJl0eMxdo8EjEyo2nFLIG
EL MAJEED VIP POLLSğŸ¥‡ğŸ†ğŸ–ï¸,https://chat.whatsapp.com/IVOjQW7aU0J1wQxUVD6y10
NextGen Career Club,https://chat.whatsapp.com/IJDZTjD2UfeDmL5o01vR1g
ğŸ’« What's App workouts ğŸ¾TennisDublin,https://chat.whatsapp.com/LNUG4AfqksTDUGTZy53dq6
Abacus Classes Mindgini â­â­â­â­â­,https://chat.whatsapp.com/IXxiPi9KkqO33nCA7H3CQb
ğ™ğ™ˆğ˜¼ğ™ğ™ ğ™ˆğ™Šğ™‰ğ™€ğ™” ğ™ğ™ğ˜¼ğ˜¿ğ™€ğ™,https://chat.whatsapp.com/CHzdZMFmditFadvqjhm2CU
Snowflake Developers-2,https://chat.whatsapp.com/GACtirQljRi6a3FySzxzDQ
EARN IN EURO WITH DELUX ONLINE JOB,https://chat.whatsapp.com/KCTEUWmstinAh8WgUes671
Marriage Group,https://chat.whatsapp.com/Ije9xeiyVMaGtytRPKFnm0
DIVA SECRET International ğŸ†,https://chat.whatsapp.com/JkpA9NELMEd47wFLIXf6v0
MUK Landing Group,https://chat.whatsapp.com/CClpHZT4jA3HE6N5PmlUjh
The most beautiful names,https://chat.whatsapp.com/HYNgx6ucgilEVSRK4FdXll
å·´åŸºæ–¯å¦å’Œä¸­å›½çš„æœ‹å‹,https://chat.whatsapp.com/IagVFsETo5LLQHX6GxLgeg
Check Out China ğŸ‡¨ğŸ‡³,https://chat.whatsapp.com/C4P7Y0KawDwBEZsUZJ2SXt
AL MUEEDâ¤ï¸â€ğŸ”¥,https://chat.whatsapp.com/KxN141j4izKAuakUGP9gGz
Big data Batch 15 live session,https://chat.whatsapp.com/GmNV5CSrkJnBeGNHr9AG5X
Official Jobs in Ireland,https://chat.whatsapp.com/BA3GITIUyRqAxMDDvrcLlA
REAL REAL BETING AND FIXING TIP AND UK49,https://chat.whatsapp.com/GSjbncnZmXqKmajWjs3OLY
SDK UNIVERSITY UPDATES,https://chat.whatsapp.com/I2ociGp0Uve9FjxGHfoYTs
à¤²à¥‡à¤¬à¤² NC,https://chat.whatsapp.com/GiUTNO1gld0AgpgP8heBhy
SUPER ENTERPRISE,https://chat.whatsapp.com/D6dJ0nGVK0WDdizDmHLpuM
UÍœÍ¡PÍœÍ¡PÍœÍ¡EÍœÍ¡RÍœÍ¡ BÍœÍ¡EÍœÍ¡TÍœÍ¡,https://chat.whatsapp.com/D5hKTB8G6lc949mKsStwMn
UK Jobs for the BD Community,https://chat.whatsapp.com/JscgaOAbiBEFmAFQcjmQz4
ğŸ’«BETWAY CODES/ TIPS PUNTERS ğŸ’«ğŸŒ¿ğŸŒ¿,https://chat.whatsapp.com/KuOBaPxLs5xEKGHuIem0ZR
Nasir Iqbal Ch Pakistan & Turkey,https://chat.whatsapp.com/IL5Zg3MxDsyBAc0cgI0GdX
ğŸ“ŒBETWAY BOOMING TIPS & CODE ğŸ“Œ,https://chat.whatsapp.com/GtNjPjr8IGADMbZti7sDLE
ğŸ‡ºğŸ‡¸B1B2 F1F2 US early #visa #appointment available,https://chat.whatsapp.com/L60Be96Ovjg6qaDjK8PljG
"Sialkot Makers Sportswear, Hosiery, Mekarsâœ¨",https://chat.whatsapp.com/GfTvsNPx841IhbgIqpy7hu
Unique Products,https://chat.whatsapp.com/Hx5rqj8WuM2B2yihz576zd
Azure Data Engineering,https://chat.whatsapp.com/Ed1sNXiVQDkG950J293Fzd
Direct China orders to ğŸ‡¿ğŸ‡²,https://chat.whatsapp.com/DiNsYvbl6BQ36VYfS7Wqvy
BETWAY AND HOLLYWOOD ğŸ§ğŸ†CHANGE YOUR LIFE âœ…ğŸ§ğŸ†,https://chat.whatsapp.com/DOMEJ1iqLsJGdoecxBkh3N
UNITY | 01 | CHANDANI,https://chat.whatsapp.com/DFXmJcT5VjOKncCJzjE570
China new energy automobile exit,https://chat.whatsapp.com/B7IM7RYG1Zt4DHSQzZcCrH
Radhe Handicraft,https://chat.whatsapp.com/LQIYzQFs2wAC8UEwuetHaA
English Grammar (By Pooja S.),https://chat.whatsapp.com/I8HeSdE000TGsAn0RR6qiC
ALI SULTAN VIP GROUP,https://chat.whatsapp.com/FkswvNatWK40Q76hVYOTnG
Chris(ğŸ’friendsğŸ¥°forever â£ï¸),https://chat.whatsapp.com/BmW2Hm3Lun81ghF9TliqZS
Vibrant Network Graphic Design Class,https://chat.whatsapp.com/DlQKlupQFv5IRcNf0VKWIz
GOLD AND CASH INSTALLMENT,https://chat.whatsapp.com/I9mCVm31NkiIhxFEYlHS0z
SOM Education Courses,https://chat.whatsapp.com/CNLcuxX3RYGEaNzUo7943D
Help Zone for all test G2,https://chat.whatsapp.com/JiPJgiUjv516fnOA7AA4Nd
Emboozi Z'omukwano N'obufumbo Mubagalana,https://chat.whatsapp.com/DH2X9JCsxbZApeVk0rgrlp
GALAXYPLUS PRE-ORDER SERVICES ğŸ¤©,https://chat.whatsapp.com/EVuqZ1hQHAvCV1kGt3qfhA
iCOBB.ng,https://chat.whatsapp.com/G7Hj1jeYqIxEIJlXnHChI1
Brompton Group in Ireland,https://chat.whatsapp.com/BgpBlNl5E8W604PbZk7a1T
IMD Medical Resources APP SUBSCRIPTION..,https://chat.whatsapp.com/Ersfnp7YlGY4VIQQXjPo09
The Preacher China group buying 1,https://chat.whatsapp.com/D6RV2VCD1l7Kd2yioOJ7oi
O' & A' Level Online LessonsğŸ“,https://chat.whatsapp.com/Irc3kPI0BzkJGeLWeX4KNe
Olympiad Prvs Paper,https://chat.whatsapp.com/JBSyh3g2RhDEvXdv9ObjGE
LFT COLLECTION SURAT,https://chat.whatsapp.com/J2DuRPnM9KbI1gELhMdRDD
HOME OF WINING PLATFORMğŸ†ğŸ†ğŸ¥‡ğŸ¥ˆğŸ¥‰âš½ï¸,https://chat.whatsapp.com/HpnFnPyIh9MCJMnxT6SOX9
Dhakshi chess,https://chat.whatsapp.com/J6lTAYt3aHcEqXdooSF1lf
ORIFLAME REGISTRATION FOR SOUTH AFRICA 2025,https://chat.whatsapp.com/HR2dyhpqou6FtkJZ92U3AO
LADIES ARENAğŸ‘©ğŸ‘¸,https://chat.whatsapp.com/CO7yEGUBl248FZrXEVSC9o
FIXED LORD 5ğŸ”¥ğŸ”¥ğŸ’µğŸ’´ğŸ’¸,https://chat.whatsapp.com/HwACx8LgiCy48hgM4n0r31
â˜˜XAUUSD FOREX KLLNG â˜˜,https://chat.whatsapp.com/CFs98XS8CaQ2DQsiqXUzcB
Sana's fashion empire,https://chat.whatsapp.com/EPa0rCoLBFz9dKaBd7F4EA
USHEMASI KILIMANJARO (ACC),https://chat.whatsapp.com/GkE8uCNTHytJIG8srzesvU
Dance Vida Community,https://chat.whatsapp.com/FHHCKyFKrFi53z7L83S0F6
All countries data Group,https://chat.whatsapp.com/FcexyaIOJfKFc2FSAUHJrC
ğŸŒŸğŸ”¥VIP BOOMINGğŸ”¥CODESğŸğŸ’¸,https://chat.whatsapp.com/BixwDTc1igv21KaL4IStV3
A HOUSE OF PRINTS,https://chat.whatsapp.com/FTCYnOm4szI07BJ5ayRBhT
MCF AUDIOS GROUP,https://chat.whatsapp.com/KvAfcOWtAawCgjJyEf99Wt
ğŸ–ï¸ğŸ†SURE FIXED ODDSğŸ“¢âš½ğŸ¥‡,https://chat.whatsapp.com/IrA1yi5D1CpKk0iaPlHaga
The Preacher China Group Buying 2,https://chat.whatsapp.com/CUCEbqmboHPJ05rd3T3Q8a
Monsta Galaxy Card Community Malaysia,https://chat.whatsapp.com/E9JZJdn0ZzzCa1XUvjds7v
ğŸ¥˜ BIRYANI CLUB Perth ğŸ¥˜,https://chat.whatsapp.com/JSYbR1GpjxwISMjRccx2wc
ğŸ‡³ğŸ‡±BIG LAUREN ğŸ‡³ğŸ‡±,https://chat.whatsapp.com/GbgBdTvvDT9ID6tLgoB3NR
Assignment HelpğŸ“ğŸ“,https://chat.whatsapp.com/FJTUjUIq99r57PFuMDpVFH
Federation - ğŸ‡±ğŸ‡°,https://chat.whatsapp.com/H2u6HnKt7HkHlR9hO6fwho
Genuine connection for marriage ğŸ’«ğŸ’«,https://chat.whatsapp.com/Bxo3cjZPhjqF2a4m6J9U3U
God's Care International MinistriesğŸ‡ºğŸ‡¸ğŸ‡ºğŸ‡¬ğŸ‡¬ğŸ‡§ğŸ‡³ğŸ‡¬ğŸ›•,https://chat.whatsapp.com/CHJWblYCghXFiK2hmkSCw6
BETJETS KILLER MKHAYA,https://chat.whatsapp.com/LHrqoDniFmCEISrXsartnz
J4 outfit  apex,https://chat.whatsapp.com/Fz9BDTcd9ghG1ym08aA3i8
SPORTYBET LEGIT ODDSğŸ‡¬ğŸ‡­ğŸ‰,https://chat.whatsapp.com/ClFiNnHBOmkIvIfe2zAhrb
Nature Lovers,https://chat.whatsapp.com/Jz92rf7o2edKbFjemUl2t8
99% ACCURATE GOLD SIGNALS ğŸ”¥,https://chat.whatsapp.com/GQs7alqTETNFX3aCu3ccw6
One IT Technologies,https://chat.whatsapp.com/C7N9rnlTuDBK3A3MBe0rG3
Campus Life,https://chat.whatsapp.com/BFQG21JYfkdCx651l21bNL
DAILY SURE ODDS ğŸ’¯,https://chat.whatsapp.com/B5Ng3eAbvcm0owmx80wlq6
Â®ï¸ğ†ğ¨Ìˆğ¬ğ­ğš ğ‡ğšğ¦ğ©ğ®ğ¬ ğˆğ¯ğšğ§ ğ’ğšğŸğ ğˆğ§ğŸğ¨ğŸ‡¸ğŸ‡ªâ›³ï¸âš½ï¸,https://chat.whatsapp.com/GhMb1vBxnFR5YtKUZyLlgh
Rashmiâ€™s Beauty Salon(Sweden),https://chat.whatsapp.com/D76iuSBVa7f2K4ImRmVMOK
OUTLIER VERIFICATION,https://chat.whatsapp.com/HgMemMhz0VNJuFBDL2PQbL
Amrutkala Classes free WorkShop,https://chat.whatsapp.com/Bp9JGqdi0TB4X4Y6rSNzc8
ğŸ’•Khan's Art 313ğŸ’•,https://chat.whatsapp.com/Jc4MUa5XiKBC9L2I9ejHKm
Shein & China Orders ğŸ›ğŸ‘—ğŸ›’,https://chat.whatsapp.com/KUGCQbwy784B0p3kTiCPuK
_Ã†CCÃ›RÃ†TÃŠ__ TÃPSTÃŠR_ âœï¸,https://chat.whatsapp.com/BuZbJvDEuXVLdLcpIQv86N
"ğ’ğƒğ‡ ğŸ— ğ‡ğ¨ğ¦ğ ğ€ğ§ğ ğ…ğğ¬ğ­ğ¢ğ¯ğšğ¥ ğƒğğœğ¨ğ« ğ–ğ¡ğ¨ğ¥ğğ¬ğšğ¥ğ ğğ«ğ¢ğœğ
 ğŸ§¿ğŸ§¿ğŸ§¿",https://chat.whatsapp.com/DQA1hrLwsf77f2KMj0yoiR
Mima Elite imports,https://chat.whatsapp.com/EmVdT1TCLTXCxwxDPlbpdD
BOTSWANA BETTING SIDES VIP TICKET LIFE CHANGING PLATFORM TRUST GOOD RESULTS,https://chat.whatsapp.com/L5AKlyJOxpqH6S1J3gW8xL
ZANU PF MZANSI TEAM 2 ğŸ‡¿ğŸ‡¦,https://chat.whatsapp.com/EYxFO3Z4SKj9cHBHKE9sNF
Ar passport consultancy,https://chat.whatsapp.com/Hi4mAjUUaxW0MxDty4L5EH
GOLD PRO TRADER,https://chat.whatsapp.com/INOowynB89W9z5Vsz3QlnH
Nokubâ¤ï¸ng clothing runnerğŸ‘’ğŸ‘—,https://chat.whatsapp.com/B8Sl3mVabenHCmTgN9Dcps
Real Bettings,https://chat.whatsapp.com/JX83v44FXWhLD186y5v3f7
Dissertations/proposal/thesis/assignments help group .,https://chat.whatsapp.com/CyFm3DUjGUUAysUVFhonCF
MasterğŸ†ğŸ–ï¸bettingğŸš€ tips âš½,https://chat.whatsapp.com/EIsPPQOInUrETG0Z911n6W
Worldwide Database ğŸŒ,https://chat.whatsapp.com/L2lUzdJxPL8BsrwOttARYm
"GUANGZHOU CHINA WHOLESALERS, SHIRT,SHOES, POLO, JEANS, CANVAS, ACCESSORIES, MACHINE AND MOTOR PARTS",https://chat.whatsapp.com/FoJW9Wom4Q4AhRw2Z7kKAR
FIXED ODDS ğŸ“¿,https://chat.whatsapp.com/EctpOXIPjTpCkOk6NjByV2
Activities for LADIES in Dublin,https://chat.whatsapp.com/JY55wQ13G7L4onxM3KAQfb
Legend update,https://chat.whatsapp.com/H7OcsvCGI9e4NMorlI4ea6
BETWAY S.A/ BOSTWANA FORZZA AND HOLLYWOOD TIPS&CODES.,https://chat.whatsapp.com/KOdOFxQYf4SGBlkfoxuD2s
*ğŸ† Sporty Bet ğŸ’° Winning Platform ğŸ‰*,https://chat.whatsapp.com/HuyEs7Ul0H7E5PYtY4O7gt
ğŸ†MICHAEL'S TIPSâš½ğŸ¥…,https://chat.whatsapp.com/JcdQKqUzAkE3n8Dpj3l60O
GOLD MARKET KILLER ğŸ”¥,https://chat.whatsapp.com/Kr6qh2SmNi99CzuDoqGI2L
TRINITY PEARL CHINA ORDERS,https://chat.whatsapp.com/FKdGz6vMYYI3OMRbYXTiFZ
Goa | Maldives | Lakshadweep | Andaman Tour,https://chat.whatsapp.com/KGFB3mh6hKZ9ENCClCN9aK
ğŸ…œğŸ…¡ ğŸ…¦ğŸ…˜ğŸ…›ğŸ…›ğŸ…˜ğŸ…ğŸ…› ğŸ…¡ğŸ…ğŸ…œğŸ…ğŸ… ğŸ…¥ğŸ…˜ğŸ…Ÿ ğŸ…–ğŸ…¡ğŸ…ğŸ…¤ğŸ…Ÿ,https://chat.whatsapp.com/CTRdv84kMeGB2l1m2aihi0
Work London Ukraine - England,https://chat.whatsapp.com/IchBgig9a0CKO2RVbqsF4i
DUBLIN BRASILEIROS,https://chat.whatsapp.com/Kc0rQ7uLnab3qM2JzIVzMe
YOUR HEALTH COACH ğŸ‰ TAKE CHARGE OF YOUR HEALTH ğŸ¤,https://chat.whatsapp.com/IhP7nPXbI50J3ITMjB1lQx
AWS CLOUD JOBS IN USA CANADA UK & TRAINING & CERTIFICATION - VIRAJETECH.COM,https://chat.whatsapp.com/FvdTZ26AlRl6Uxsz2vKkZd
ğŸ’ Movie world ğŸ’ 2 DEMO,https://chat.whatsapp.com/LBc5pe86NjJAtYjGGxnC17
Enjoy MadridğŸ»ğŸ’ƒğŸ•º2025,https://chat.whatsapp.com/GsAH4Xf67TQ4YxCmE0jNi1
Ekam's Collection,https://chat.whatsapp.com/F7Ekltwmqsz8ClKQluRPrV
"ğ–ğ€ğ’ğ’ğ‚ğ„,ğğ„ğ‚ğ„ ğ€ğğƒ ğ‚ğ“ğ•ğ„ğ“ ğŸğŸğŸğŸ’/ğŸğŸ“ğŸ“‘",https://chat.whatsapp.com/LjPjtwGrrcL83lo8HCnuZ1
ğ™‚ğ™Šğ™‡ğ˜¿ ğ™ƒğ™ğ™‰ğ™ğ™€ğ™ |ğ™‹ğ™ğ˜¼ğ™‡ ğŸ¦ğ™ğ™“ ğ˜¾ğ™ğ™”ğ™‹ğ™ğ™Š ğŸŒ,https://chat.whatsapp.com/HcUdLszm5OyLYEXYg0lTEz
Python and Pyspark with DataBricks,https://chat.whatsapp.com/IKk0TNeA1klDCqtcoNvvFs
PINKPEARLS CHINA IMPORTATION GROUP,https://chat.whatsapp.com/J4cN2bxLT5hHaFPWS7MtWK
Football Starts at Home Webinar 2025,https://chat.whatsapp.com/H3UDdcesxrADDT0if2QwLL
Order from china ğŸ¤©ğŸ‰ğŸ¥³,https://chat.whatsapp.com/GAnom1yt1o8HLu0rWIosei
ğŸ¦‹âœ¨Tazz Thrifting (Pre-owned)âœ¨ğŸ¦‹,https://chat.whatsapp.com/FTbntQvlrMi2nBEPtw4cvb
ØªØ¬ÙˆÛŒØ¯ Ø§Ù„Ù‚Ø±Ø¢Ù† Ø§Ù…Ú¾Ø§Øª Ø§Ù„Ù…Ø¤Ù…Ù†ÛŒÙ† Ø¢Ù†Ù„Ø§Ø¦Ù† Ø§Ú©ÛŒÚˆÙ…ÛŒ,https://chat.whatsapp.com/HT11QCMcsjN2qmSQXpqt2D
Charlieâ€™s House Hunt (Lisbon),https://chat.whatsapp.com/F6NF38aIdBM55eCEVgiOw5
MIND FOR CHANGE AGENDA 2030 PROGRAM LOBBYING & IMPLEMENTATION.,https://chat.whatsapp.com/Cz5JBYRtN8XFcq0K6toJVt
TEAM KUOMOKA ğŸ†ğŸ’¯,https://chat.whatsapp.com/HPghC0nQjSLAUtQ8SbdiFb
Nobuhle's top Runner ğŸššğŸ©³ğŸ‘•,https://chat.whatsapp.com/CDIOtv1zJZyGc4qTddNoGe
NEW HOME DECORATION AND FASHION IDEAS,https://chat.whatsapp.com/C2MylA41SJ134xBgPCFBRr
